Gene	Total_alleles	Valid_alleles	Number_representatives
NEIS0922	1	1	1
NEIS1393	1	1	1
NEIS0118	1	1	1
NEIS0110	1	1	1
NEIS0158	1	1	1
NEIS1274	1	1	1
NEIS0247	1	1	1
NEIS1442	1	1	1
NEIS1548	1	1	1
NEIS1995	1	1	1
NEIS1854	1	1	1
NEIS0831	1	1	1
NEIS0629	1	1	1
NEIS1669	1	1	1
NEIS2629	1	1	1
NEIS1987	1	1	1
NEIS1618	1	1	1
NEIS2130	1	1	1
NEIS0556	1	1	1
NEIS1680	1	1	1
NEIS0704	1	1	1
NEIS2769	1	1	1
NEIS0103	1	1	1
NEIS0375	1	1	1
NEIS2027	1	1	1
NEIS1216	1	1	1
NEIS1226	1	1	1
NEIS0960	1	1	1
NEIS1814	1	1	1
NEIS2080	1	1	1
NEIS1309	1	1	1
NEIS0909	1	1	1
NEIS0819	1	1	1
NEIS0571	1	1	1
NEIS2341	1	1	1
NEIS1315	1	1	1
NEIS1613	1	1	1
NEIS2753	1	1	1
NEIS1138	1	1	1
NEIS1137	1	1	1
NEIS1936	1	1	1
NEIS0699	1	1	1
NEIS2710	1	1	1
NEIS0508	1	1	1
NEIS0959	1	1	1
NEIS0319	1	1	1
NEIS1634	1	1	1
NEIS1981	1	1	1
NEIS1760	1	1	1
NEIS1455	1	1	1
NEIS1477	1	1	1
NEIS2668	1	1	1
NEIS1039	1	1	1
NEIS1204	1	1	1
NEIS1450	1	1	1
NEIS1837	1	1	1
NEIS1851	1	1	1
NEIS1679	1	1	1
NEIS0345	1	1	1
NEIS1732	1	1	1
NEIS2641	1	1	1
NEIS1727	1	1	1
NEIS0529	1	1	1
NEIS0343	1	1	1
NEIS0503	1	1	1
NEIS2076	1	1	1
NEIS2015	1	1	1
NEIS2494	1	1	1
NEIS0557	1	1	1
NEIS1088	1	1	1
NEIS2008	1	1	1
NEIS2662	1	1	1
NEIS1704	1	1	1
NEIS1483	1	1	1
NEIS2526	1	1	1
NEIS1142	1	1	1
NEIS1286	1	1	1
NEIS2034	1	1	1
NEIS0304	1	1	1
NEIS0615	1	1	1
NEIS1253	1	1	1
NEIS0915	1	1	1
NEIS0273	1	1	1
NEIS0224	1	1	1
NEIS1639	1	1	1
NEIS1811	1	1	1
NEIS0651	1	1	1
NEIS0646	1	1	1
NEIS0812	1	1	1
NEIS1287	1	1	1
NEIS0107	1	1	1
NEIS1240	1	1	1
NEIS2672	1	1	1
NEIS1140	1	1	1
NEIS1722	1	1	1
NEIS1812	1	1	1
NEIS0700	1	1	1
NEIS1882	1	1	1
NEIS2735	1	1	1
NEIS0203	1	1	1
NEIS1852	1	1	1
NEIS1183	1	1	1
NEIS0502	1	1	1
NEIS2590	1	1	1
NEIS0405	1	1	1
NEIS1789	1	1	1
NEIS0183	1	1	1
NEIS1361	1	1	1
NEIS1365	1	1	1
NEIS2711	1	1	1
NEIS0190	1	1	1
NEIS1674	1	1	1
NEIS1459	1	1	1
NEIS1823	1	1	1
NEIS0576	1	1	1
NEIS0179	1	1	1
NEIS1256	1	1	1
NEIS1429	1	1	1
NEIS2653	1	1	1
NEIS0618	1	1	1
NEIS0823	1	1	1
NEIS0541	1	1	1
NEIS1440	1	1	1
NEIS2622	1	1	1
NEIS1500	1	1	1
NEIS0038	1	1	1
NEIS0661	1	1	1
NEIS2779	1	1	1
NEIS0684	1	1	1
NEIS1504	1	1	1
NEIS0348	1	1	1
NEIS1288	1	1	1
NEIS2118	1	1	1
NEIS1405	1	1	1
NEIS1742	1	1	1
NEIS1027	1	1	1
NEIS1428	1	1	1
NEIS1654	1	1	1
NEIS0514	1	1	1
NEIS0122	1	1	1
NEIS1192	1	1	1
NEIS1908	1	1	1
NEIS1015	1	1	1
NEIS2447	1	1	1
NEIS1749	1	1	1
NEIS1693	1	1	1
NEIS2605	1	1	1
NEIS0751	1	1	1
NEIS1496	1	1	1
NEIS2580	1	1	1
NEIS1557	1	1	1
NEIS1267	1	1	1
NEIS0724	1	1	1
NEIS2052	1	1	1
NEIS2771	1	1	1
NEIS1372	1	1	1
NEIS0167	1	1	1
NEIS0414	1	1	1
NEIS2106	1	1	1
NEIS0911	1	1	1
NEIS1980	1	1	1
NEIS2759	1	1	1
NEIS2626	1	1	1
NEIS2682	1	1	1
NEIS1422	1	1	1
NEIS1917	1	1	1
NEIS2642	1	1	1
NEIS0385	1	1	1
NEIS0612	1	1	1
NEIS1614	1	1	1
NEIS2391	1	1	1
NEIS2660	1	1	1
NEIS0703	1	1	1
NEIS0958	1	1	1
NEIS2048	1	1	1
NEIS1295	1	1	1
NEIS1069	1	1	1
NEIS1273	1	1	1
NEIS2661	1	1	1
NEIS2584	1	1	1
NEIS0762	1	1	1
NEIS0715	1	1	1
NEIS2132	1	1	1
NEIS2068	1	1	1
NEIS0430	1	1	1
NEIS1599	1	1	1
NEIS1545	1	1	1
NEIS0390	1	1	1
NEIS1159	1	1	1
NEIS0763	1	1	1
NEIS0204	1	1	1
NEIS2035	1	1	1
NEIS1154	1	1	1
NEIS1037	1	1	1
NEIS0134	1	1	1
NEIS1073	1	1	1
NEIS1213	1	1	1
NEIS2006	1	1	1
NEIS2639	1	1	1
NEIS2656	1	1	1
NEIS0174	1	1	1
NEIS1998	1	1	1
NEIS2588	1	1	1
NEIS0317	1	1	1
NEIS0778	1	1	1
NEIS2694	1	1	1
NEIS1538	1	1	1
NEIS1186	1	1	1
NEIS0830	1	1	1
NEIS1244	1	1	1
NEIS0435	1	1	1
NEIS0350	1	1	1
NEIS0919	1	1	1
NEIS1418	1	1	1
NEIS1978	1	1	1
NEIS0567	1	1	1
NEIS1871	1	1	1
NEIS2689	1	1	1
NEIS1581	1	1	1
NEIS0373	1	1	1
NEIS0900	1	1	1
NEIS0407	1	1	1
NEIS2141	1	1	1
NEIS1333	1	1	1
NEIS1735	1	1	1
NEIS1979	1	1	1
NEIS0721	1	1	1
NEIS0320	1	1	1
NEIS2041	1	1	1
NEIS1689	1	1	1
NEIS1638	1	1	1
NEIS0697	1	1	1
NEIS2016	1	1	1
NEIS1937	1	1	1
NEIS1242	1	1	1
NEIS2103	1	1	1
NEIS0106	1	1	1
NEIS0207	1	1	1
NEIS1826	1	1	1
NEIS2762	1	1	1
NEIS1855	1	1	1
NEIS2715	1	1	1
NEIS1133	1	1	1
NEIS2003	1	1	1
NEIS0518	1	1	1
NEIS1898	1	1	1
NEIS1598	1	1	1
NEIS1475	1	1	1
NEIS2698	1	1	1
NEIS2937	1	1	1
NEIS2581	1	1	1
NEIS0376	1	1	1
NEIS2651	1	1	1
NEIS1904	1	1	1
NEIS2017	1	1	1
NEIS0434	1	1	1
NEIS1400	1	1	1
NEIS0156	1	1	1
NEIS1720	1	1	1
NEIS0315	1	1	1
NEIS0235	1	1	1
NEIS1090	1	1	1
NEIS1556	1	1	1
NEIS1375	1	1	1
NEIS0648	1	1	1
NEIS0642	1	1	1
NEIS1946	1	1	1
NEIS0833	1	1	1
NEIS2695	1	1	1
NEIS1633	1	1	1
NEIS2021	1	1	1
NEIS2727	1	1	1
NEIS1867	1	1	1
NEIS1694	1	1	1
NEIS2596	1	1	1
NEIS2128	1	1	1
NEIS0577	1	1	1
NEIS0421	1	1	1
NEIS2042	1	1	1
NEIS0667	1	1	1
NEIS2934	1	1	1
NEIS0097	1	1	1
NEIS0464	1	1	1
NEIS1168	1	1	1
NEIS0933	1	1	1
NEIS0438	1	1	1
NEIS1251	1	1	1
NEIS1683	1	1	1
NEIS0128	1	1	1
NEIS1590	1	1	1
NEIS0475	1	1	1
NEIS0257	1	1	1
NEIS0828	1	1	1
NEIS2073	1	1	1
NEIS0649	1	1	1
NEIS2143	1	1	1
NEIS1816	1	1	1
NEIS1911	1	1	1
NEIS1232	1	1	1
NEIS0962	1	1	1
NEIS1603	1	1	1
NEIS1269	1	1	1
NEIS1401	1	1	1
NEIS2059	1	1	1
NEIS2477	1	1	1
NEIS1219	1	1	1
NEIS1577	1	1	1
NEIS0791	1	1	1
NEIS0150	1	1	1
NEIS0509	1	1	1
NEIS0596	1	1	1
NEIS2405	1	1	1
NEIS2617	1	1	1
NEIS2033	1	1	1
NEIS0484	1	1	1
NEIS0020	1	1	1
NEIS1516	1	1	1
NEIS1766	1	1	1
NEIS0333	1	1	1
NEIS1602	1	1	1
NEIS2611	1	1	1
NEIS1290	1	1	1
NEIS0644	1	1	1
NEIS0580	1	1	1
NEIS2586	1	1	1
NEIS1963	1	1	1
NEIS2070	1	1	1
NEIS0923	1	1	1
NEIS0495	1	1	1
NEIS0246	1	1	1
NEIS2648	1	1	1
NEIS1530	1	1	1
NEIS1824	1	1	1
NEIS0575	1	1	1
NEIS2151	1	1	1
NEIS0395	1	1	1
NEIS1953	1	1	1
NEIS1858	1	1	1
NEIS2146	1	1	1
NEIS1965	1	1	1
NEIS0177	1	1	1
NEIS1531	1	1	1
NEIS1373	1	1	1
NEIS1294	1	1	1
NEIS0473	1	1	1
NEIS1104	1	1	1
NEIS1278	1	1	1
NEIS1303	1	1	1
NEIS2055	1	1	1
NEIS1959	1	1	1
NEIS0660	1	1	1
NEIS1301	1	1	1
NEIS0171	1	1	1
NEIS0340	1	1	1
NEIS2731	1	1	1
NEIS1532	1	1	1
NEIS0293	1	1	1
NEIS1281	1	1	1
NEIS2704	1	1	1
NEIS1329	1	1	1
NEIS0307	1	1	1
NEIS1838	1	1	1
NEIS0116	1	1	1
NEIS2060	1	1	1
NEIS1165	1	1	1
NEIS0737	1	1	1
NEIS1297	1	1	1
NEIS2040	1	1	1
NEIS1170	1	1	1
NEIS1317	1	1	1
NEIS1304	1	1	1
NEIS1645	1	1	1
NEIS2124	1	1	1
NEIS1535	1	1	1
NEIS0689	1	1	1
NEIS2632	1	1	1
NEIS0693	1	1	1
NEIS2037	1	1	1
NEIS1129	1	1	1
NEIS1649	1	1	1
NEIS1956	1	1	1
NEIS0754	1	1	1
NEIS2709	1	1	1
NEIS1134	1	1	1
NEIS1546	1	1	1
NEIS1223	1	1	1
NEIS1252	1	1	1
NEIS1357	1	1	1
NEIS1445	1	1	1
NEIS0643	1	1	1
NEIS1102	1	1	1
NEIS1983	1	1	1
NEIS0827	1	1	1
NEIS2599	1	1	1
NEIS2057	1	1	1
NEIS2082	1	1	1
NEIS0620	1	1	1
NEIS1307	1	1	1
NEIS2587	1	1	1
NEIS1451	1	1	1
NEIS2750	1	1	1
NEIS0985	1	1	1
NEIS1596	1	1	1
NEIS1554	1	1	1
NEIS1544	1	1	1
NEIS0098	1	1	1
NEIS0741	1	1	1
NEIS0736	1	1	1
NEIS1185	1	1	1
NEIS0021	1	1	1
NEIS1825	1	1	1
NEIS1938	1	1	1
NEIS1850	1	1	1
NEIS0349	1	1	1
NEIS1578	1	1	1
NEIS1200	1	1	1
NEIS0563	1	1	1
NEIS0338	1	1	1
NEIS1841	1	1	1
NEIS1076	1	1	1
NEIS0015	1	1	1
NEIS0146	1	1	1
NEIS0824	1	1	1
NEIS0360	1	1	1
NEIS1195	1	1	1
NEIS0269	1	1	1
NEIS2604	1	1	1
NEIS1108	1	1	1
NEIS1151	1	1	1
NEIS1686	1	1	1
NEIS2702	1	1	1
NEIS0261	1	1	1
NEIS0547	1	1	1
NEIS1990	1	1	1
NEIS1815	1	1	1
NEIS2075	1	1	1
NEIS1595	1	1	1
NEIS0217	1	1	1
NEIS1262	1	1	1
NEIS0927	1	1	1
NEIS1972	1	1	1
NEIS2026	1	1	1
NEIS2936	1	1	1
NEIS0415	1	1	1
NEIS0313	1	1	1
NEIS0761	1	1	1
NEIS1834	1	1	1
NEIS0573	1	1	1
NEIS0984	1	1	1
NEIS0187	1	1	1
NEIS0155	1	1	1
NEIS1355	1	1	1
NEIS0553	1	1	1
NEIS0381	1	1	1
NEIS0272	1	1	1
NEIS2685	1	1	1
NEIS1763	1	1	1
NEIS0175	1	1	1
NEIS1896	1	1	1
NEIS1173	1	1	1
NEIS0781	1	1	1
NEIS1533	1	1	1
NEIS2534	1	1	1
NEIS2046	1	1	1
NEIS1305	1	1	1
NEIS1495	1	1	1
NEIS0624	1	1	1
NEIS1155	1	1	1
NEIS2153	1	1	1
NEIS2366	1	1	1
NEIS0723	1	1	1
NEIS0047	1	1	1
NEIS2774	1	1	1
NEIS0121	1	1	1
NEIS2108	1	1	1
NEIS0248	1	1	1
NEIS2135	1	1	1
NEIS2144	1	1	1
NEIS1013	1	1	1
NEIS1550	1	1	1
NEIS0108	1	1	1
NEIS1833	1	1	1
NEIS0815	1	1	1
NEIS0374	1	1	1
NEIS0811	1	1	1
NEIS1682	1	1	1
NEIS1562	1	1	1
NEIS0176	1	1	1
NEIS1784	1	1	1
NEIS2700	1	1	1
NEIS0768	1	1	1
NEIS0732	1	1	1
NEIS2721	1	1	1
NEIS1347	1	1	1
NEIS1968	1	1	1
NEIS2701	1	1	1
NEIS2627	1	1	1
NEIS2056	1	1	1
NEIS1782	1	1	1
NEIS1949	1	1	1
NEIS1771	1	1	1
NEIS2760	1	1	1
NEIS1302	1	1	1
NEIS2024	1	1	1
NEIS0510	1	1	1
NEIS1448	1	1	1
NEIS1733	1	1	1
NEIS2012	1	1	1
NEIS1191	1	1	1
NEIS0218	1	1	1
NEIS1921	1	1	1
NEIS2677	1	1	1
NEIS0645	1	1	1
NEIS0363	1	1	1
NEIS0351	1	1	1
NEIS2613	1	1	1
NEIS0403	1	1	1
NEIS1447	1	1	1
NEIS2147	1	1	1
NEIS2062	1	1	1
NEIS0487	1	1	1
NEIS1300	1	1	1
NEIS2757	1	1	1
NEIS0739	1	1	1
NEIS1930	1	1	1
NEIS2029	1	1	1
NEIS0634	1	1	1
NEIS0583	1	1	1
NEIS2022	1	1	1
NEIS1751	1	1	1
NEIS1759	1	1	1
NEIS0222	1	1	1
NEIS0814	1	1	1
NEIS1874	1	1	1
NEIS1769	1	1	1
NEIS2635	1	1	1
NEIS0709	1	1	1
NEIS0516	1	1	1
NEIS0104	1	1	1
NEIS0809	1	1	1
NEIS1247	1	1	1
NEIS2687	1	1	1
NEIS1822	1	1	1
NEIS1473	1	1	1
NEIS0432	1	1	1
NEIS0581	1	1	1
NEIS2650	1	1	1
NEIS2148	1	1	1
NEIS1408	1	1	1
NEIS0306	1	1	1
NEIS0566	1	1	1
NEIS1389	1	1	1
NEIS1688	1	1	1
NEIS0528	1	1	1
NEIS1690	1	1	1
NEIS1514	1	1	1
NEIS0816	1	1	1
NEIS1480	1	1	1
NEIS1330	1	1	1
NEIS0696	1	1	1
NEIS2716	1	1	1
NEIS1928	1	1	1
NEIS0392	1	1	1
NEIS0640	1	1	1
NEIS0743	1	1	1
NEIS1783	1	1	1
NEIS1202	1	1	1
NEIS0071	1	1	1
NEIS0417	1	1	1
NEIS1152	1	1	1
NEIS1967	1	1	1
NEIS1687	1	1	1
NEIS2123	1	1	1
NEIS0043	1	1	1
NEIS0386	1	1	1
NEIS2122	1	1	1
NEIS0170	1	1	1
NEIS2678	1	1	1
NEIS1032	1	1	1
NEIS0136	1	1	1
NEIS0164	1	1	1
NEIS1698	1	1	1
NEIS2751	1	1	1
NEIS1691	1	1	1
NEIS1257	1	1	1
NEIS0752	1	1	1
NEIS1189	1	1	1
NEIS2776	1	1	1
NEIS1755	1	1	1
NEIS0531	1	1	1
NEIS1927	1	1	1
NEIS0688	1	1	1
NEIS0019	1	1	1
NEIS1082	1	1	1
NEIS2933	1	1	1
NEIS1597	1	1	1
NEIS0143	1	1	1
NEIS0431	1	1	1
NEIS0708	1	1	1
NEIS2602	1	1	1
NEIS0048	1	1	1
NEIS1962	1	1	1
NEIS0409	1	1	1
NEIS0639	1	1	1
NEIS1363	1	1	1
NEIS2065	1	1	1
NEIS0262	1	1	1
NEIS0397	1	1	1
NEIS1499	1	1	1
NEIS2657	1	1	1
NEIS0713	1	1	1
NEIS1417	1	1	1
NEIS1508	1	1	1
NEIS0683	1	1	1
NEIS0757	1	1	1
NEIS0291	1	1	1
NEIS0378	1	1	1
NEIS0765	1	1	1
NEIS0582	1	1	1
NEIS2676	1	1	1
NEIS2049	1	1	1
NEIS2072	1	1	1
NEIS1560	1	1	1
NEIS0565	1	1	1
NEIS0808	1	1	1
NEIS0613	1	1	1
NEIS0200	1	1	1
NEIS1651	1	1	1
NEIS0462	1	1	1
NEIS2637	1	1	1
NEIS1741	1	1	1
NEIS1600	1	1	1
NEIS1220	1	1	1
NEIS0141	1	1	1
NEIS1954	1	1	1
NEIS1625	1	1	1
NEIS2686	1	1	1
NEIS1110	1	1	1
NEIS2101	1	0	0
NEIS1022	1	1	1
NEIS0474	1	1	1
NEIS0506	1	1	1
NEIS0389	1	1	1
NEIS0144	1	1	1
NEIS2733	1	1	1
NEIS0777	1	1	1
NEIS0001	1	1	1
NEIS0259	1	1	1
NEIS0379	1	1	1
NEIS0331	1	1	1
NEIS0929	1	1	1
NEIS1725	1	1	1
NEIS1528	1	1	1
NEIS1229	1	1	1
NEIS0718	1	1	1
NEIS1461	1	1	1
NEIS0672	1	1	1
NEIS1436	1	1	1
NEIS2597	1	1	1
NEIS0636	1	1	1
NEIS0633	1	1	1
NEIS1944	1	1	1
NEIS1198	1	1	1
NEIS1700	1	1	1
NEIS0745	1	1	1
NEIS0668	1	1	1
NEIS1318	1	1	1
NEIS0687	1	1	1
NEIS1007	1	1	1
NEIS0717	1	1	1
NEIS0253	1	1	1
NEIS2133	1	1	1
NEIS1030	1	1	1
NEIS0756	1	1	1
NEIS1503	1	1	1
NEIS0837	1	1	1
NEIS0335	1	1	1
NEIS1308	1	1	1
NEIS1298	1	1	1
NEIS1197	1	1	1
NEIS0182	1	1	1
NEIS1331	1	1	1
NEIS0537	1	1	1
NEIS0123	1	1	1
NEIS0152	1	1	1
NEIS2583	1	1	1
NEIS1873	1	1	1
NEIS0292	1	1	1
NEIS0497	1	1	1
NEIS0638	1	1	1
NEIS1352	1	1	1
NEIS0362	1	1	1
NEIS0488	1	1	1
NEIS1635	1	1	1
NEIS1935	1	1	1
NEIS0608	1	1	1
NEIS0729	1	1	1
NEIS1404	1	1	1
NEIS2773	1	1	1
NEIS0328	1	1	1
NEIS2633	1	1	1
NEIS1492	1	1	1
NEIS1325	1	1	1
NEIS2592	1	1	1
NEIS0265	1	1	1
NEIS0344	1	1	1
NEIS1072	1	1	1
NEIS0426	1	1	1
NEIS0419	1	1	1
NEIS1174	1	1	1
NEIS0710	1	1	1
NEIS2399	1	1	1
NEIS0339	1	1	1
NEIS1559	1	1	1
NEIS1031	1	1	1
NEIS1762	1	1	1
NEIS2099	1	1	1
NEIS2610	1	1	1
NEIS0905	1	1	1
NEIS1150	1	1	1
NEIS1208	1	1	1
NEIS0568	1	1	1
NEIS1515	1	1	1
NEIS0759	1	1	1
NEIS0308	1	1	1
NEIS1237	1	1	1
NEIS1005	1	1	1
NEIS0353	1	1	1
NEIS0942	1	1	1
NEIS0433	1	1	1
NEIS1279	1	1	1
NEIS2137	1	1	1
NEIS2723	1	1	1
NEIS0989	1	1	1
NEIS0422	1	1	1
NEIS1392	1	1	1
NEIS1915	1	1	1
NEIS2145	1	1	1
NEIS0184	1	1	1
NEIS0035	1	1	1
NEIS2375	1	1	1
NEIS0334	1	1	1
NEIS1906	1	1	1
NEIS1431	1	1	1
NEIS1271	1	1	1
NEIS2000	1	1	1
NEIS0705	1	1	1
NEIS0109	1	1	1
NEIS0465	1	1	1
NEIS0199	1	1	1
NEIS1948	1	1	1
NEIS0719	1	1	1
NEIS0628	1	1	1
NEIS0780	1	1	1
NEIS0818	1	1	1
NEIS2007	1	1	1
NEIS2485	1	1	1
NEIS1846	1	1	1
NEIS2728	1	1	1
NEIS2020	1	1	1
NEIS1588	1	1	1
NEIS0321	1	1	1
NEIS0733	1	1	1
NEIS0408	1	1	1
NEIS2935	1	1	1
NEIS0129	1	1	1
NEIS1891	1	1	1
NEIS1795	1	1	1
NEIS1567	1	1	1
NEIS1743	1	1	1
NEIS1296	1	1	1
NEIS0983	1	1	1
NEIS2585	1	1	1
NEIS1063	1	1	1
NEIS0117	1	1	1
NEIS1726	1	1	1
NEIS1111	1	1	1
NEIS1210	1	1	1
NEIS0681	1	1	1
NEIS2043	1	1	1
NEIS1971	1	1	1
NEIS1807	1	1	1
NEIS2634	1	1	1
NEIS0671	1	1	1
NEIS2732	1	1	1
NEIS0324	1	1	1
NEIS2119	1	1	1
NEIS0384	1	1	1
NEIS1903	1	1	1
NEIS1458	1	1	1
NEIS1756	1	1	1
NEIS1497	1	1	1
NEIS2722	1	1	1
NEIS0653	1	1	1
NEIS1430	1	1	1
NEIS0826	1	1	1
NEIS2752	1	1	1
NEIS0040	1	1	1
NEIS1922	1	1	1
NEIS2625	1	1	1
NEIS0034	1	1	1
NEIS0574	1	1	1
NEIS2761	1	1	1
NEIS0119	1	1	1
NEIS1067	1	1	1
NEIS0539	1	1	1
NEIS1374	1	1	1
NEIS2061	1	1	1
NEIS0046	1	1	1
NEIS0237	1	1	1
NEIS0180	1	1	1
NEIS0114	1	1	1
NEIS1038	1	1	1
NEIS0276	1	1	1
NEIS0734	1	1	1
NEIS0290	1	1	1
NEIS1818	1	1	1
NEIS1326	1	1	1
NEIS1853	1	1	1
NEIS1746	1	1	1
NEIS1292	1	1	1
NEIS0142	1	1	1
NEIS0195	1	1	1
NEIS1594	1	1	1
NEIS1832	1	1	1
NEIS1786	1	1	1
NEIS1157	1	1	1
NEIS1166	1	1	1
NEIS1171	1	1	1
NEIS2598	1	1	1
NEIS0906	1	1	1
NEIS1788	1	1	1
NEIS1772	1	1	1
NEIS2066	1	1	1
NEIS1066	1	1	1
NEIS1810	1	1	1
NEIS1087	1	1	1
NEIS1493	1	1	1
NEIS0695	1	1	1
NEIS2772	1	1	1
NEIS1501	1	1	1
NEIS0617	1	1	1
NEIS0611	1	1	1
NEIS0702	1	1	1
NEIS2113	1	1	1
NEIS1164	1	1	1
NEIS0654	1	1	1
NEIS1207	1	1	1
NEIS0572	1	1	1
NEIS2758	1	1	1
NEIS1397	1	1	1
NEIS1332	1	1	1
NEIS1847	1	1	1
NEIS0817	1	1	1
NEIS1181	1	0	0
NEIS1490	1	1	1
NEIS0490	1	1	1
NEIS0186	1	1	1
NEIS0013	1	1	1
NEIS2393	1	1	1
NEIS2719	1	1	1
NEIS0314	1	1	1
NEIS0835	1	1	1
NEIS0551	1	1	1
NEIS0676	1	1	1
NEIS0127	1	1	1
NEIS0521	1	1	1
NEIS1203	1	1	1
NEIS0323	1	1	1
NEIS1453	1	1	1
NEIS0532	1	1	1
NEIS1353	1	1	1
NEIS0913	1	0	0
NEIS0934	1	1	1
NEIS2058	1	1	1
NEIS0522	1	1	1
NEIS2628	1	1	1
NEIS2023	1	1	1
NEIS1957	1	1	1
NEIS0747	1	1	1
NEIS1446	1	1	1
NEIS0625	1	1	1
NEIS0496	1	1	1
NEIS1999	1	1	1
NEIS0727	1	1	1
NEIS0730	1	1	1
NEIS1367	1	1	1
NEIS2591	1	1	1
NEIS0394	1	1	1
NEIS1856	1	1	1
NEIS1246	1	1	1
NEIS1724	1	1	1
NEIS1351	1	1	1
NEIS0191	1	1	1
NEIS1394	1	1	1
NEIS1414	1	1	1
NEIS1412	1	1	1
NEIS1525	1	1	1
NEIS0647	1	1	1
NEIS1259	1	1	1
NEIS0137	1	1	1
NEIS2121	1	1	1
NEIS1435	1	1	1
NEIS0115	1	1	1
NEIS1085	1	1	1
NEIS1029	1	1	1
NEIS0012	1	1	1
NEIS1757	1	1	1
NEIS1438	1	1	1
NEIS2553	1	1	1
NEIS2005	1	1	1
NEIS0760	1	1	1
NEIS1312	1	1	1
NEIS0336	1	1	1
NEIS0303	1	1	1
NEIS1591	1	1	1
NEIS2614	1	1	1
NEIS1827	1	1	1
NEIS1675	1	1	1
NEIS1366	1	1	1
NEIS0678	1	1	1
NEIS1212	1	1	1
NEIS1040	1	1	1
NEIS2120	1	1	1
NEIS1640	1	1	1
NEIS1034	1	1	1
NEIS1695	1	1	1
NEIS0263	1	1	1
NEIS1737	1	1	1
NEIS0466	1	1	1
NEIS0361	1	1	1
NEIS1319	1	1	1
NEIS1376	1	1	1
NEIS0372	1	1	1
NEIS0264	1	1	1
NEIS2730	1	1	1
NEIS1692	1	1	1
NEIS0706	1	1	1
NEIS1486	1	1	1
NEIS1622	1	1	1
NEIS1580	1	1	1
NEIS0404	1	1	1
NEIS0153	1	1	1
NEIS0312	1	1	1
NEIS2881	1	1	1
NEIS1371	1	1	1
NEIS2645	1	1	1
NEIS0197	1	1	1
NEIS2748	1	1	1
NEIS0712	1	1	1
NEIS0910	1	1	1
NEIS0059	1	1	1
NEIS1263	1	1	1
NEIS1619	1	1	1
NEIS0658	1	1	1
NEIS2361	1	1	1
NEIS0211	1	1	1
NEIS0748	1	1	1
NEIS1472	1	1	1
NEIS0318	1	1	1
NEIS0472	1	1	1
NEIS0163	1	1	1
NEIS2764	1	1	1
NEIS0309	1	1	1
NEIS1951	1	1	1
NEIS1314	1	1	1
NEIS0126	1	1	1
NEIS1234	1	1	1
NEIS0093	1	1	1
NEIS0836	1	1	1
NEIS1205	1	1	1
NEIS1748	1	1	1
NEIS0912	1	1	1
NEIS0380	1	1	1
NEIS0925	1	1	1
NEIS0610	1	1	1
NEIS1131	1	1	1
NEIS0016	1	1	1
NEIS0774	1	1	1
NEIS0396	1	1	1
NEIS0470	1	1	1
NEIS0512	1	1	1
NEIS1768	1	1	1
NEIS0899	1	1	1
NEIS1820	1	1	1
NEIS2746	1	1	1
NEIS1582	1	1	1
NEIS1250	1	1	1
NEIS0663	1	1	1
NEIS2601	1	1	1
NEIS2675	1	1	1
NEIS2620	1	1	1
NEIS1112	1	1	1
NEIS2636	1	1	1
NEIS0764	1	1	1
NEIS1449	1	1	1
NEIS0738	1	1	1
NEIS2663	1	1	1
NEIS2138	1	1	1
NEIS0202	1	0	0
NEIS1441	1	1	1
NEIS1568	1	1	1
NEIS0480	1	1	1
NEIS1097	1	1	1
NEIS1919	1	1	1
NEIS2594	1	1	1
NEIS2724	1	1	1
NEIS0543	1	1	1
NEIS0427	1	1	1
NEIS0017	1	1	1
NEIS0009	1	1	1
NEIS1925	1	1	1
NEIS1498	1	1	1
NEIS0707	1	1	1
NEIS2674	1	1	1
NEIS2712	1	1	1
NEIS1398	1	1	1
NEIS1114	1	1	1
NEIS0907	1	1	1
NEIS0347	1	1	1
NEIS1780	1	1	1
NEIS1172	1	1	1
NEIS1136	1	1	1
NEIS1385	1	1	1
NEIS0944	1	1	1
NEIS0251	1	1	1
NEIS0236	1	1	1
NEIS0120	1	1	1
NEIS1395	1	1	1
NEIS0536	1	1	1
NEIS0555	1	1	1
NEIS0045	1	1	1
NEIS1842	1	1	1
NEIS2535	1	1	1
NEIS0254	1	1	1
NEIS0924	1	1	1
NEIS1409	1	1	1
NEIS0206	1	1	1
NEIS0311	1	1	1
NEIS1926	1	1	1
NEIS1196	1	1	1
NEIS1872	1	1	1
NEIS1488	1	1	1
NEIS0354	1	1	1
NEIS2340	1	1	1
NEIS0980	1	1	1
NEIS2558	1	1	1
NEIS1982	1	1	1
NEIS0483	1	1	1
NEIS2624	1	1	1
NEIS0230	1	1	1
NEIS1697	1	1	1
NEIS1407	1	1	1
NEIS1147	1	0	0
NEIS1354	1	1	1
NEIS1310	1	1	1
NEIS2104	1	1	1
NEIS0552	1	1	1
NEIS1910	1	1	1
NEIS1611	1	1	1
NEIS0782	1	1	1
NEIS1494	1	1	1
NEIS1299	1	1	1
NEIS0069	1	1	1
NEIS0274	1	1	1
NEIS2038	1	1	1
NEIS1583	1	1	1
NEIS1604	1	1	1
NEIS2578	1	1	1
NEIS0018	1	1	1
NEIS1655	1	1	1
NEIS0169	1	1	1
NEIS1558	1	1	1
NEIS0790	1	1	1
NEIS1848	1	1	1
NEIS1466	1	1	1
NEIS0388	1	1	1
NEIS2688	1	1	1
NEIS0711	1	1	1
NEIS1106	1	1	1
NEIS2530	1	1	1
NEIS2081	1	1	1
NEIS2607	1	1	1
NEIS1261	1	1	1
NEIS0124	1	1	1
NEIS1426	1	1	1
NEIS1740	1	1	1
NEIS1609	1	1	1
NEIS1128	1	1	1
NEIS2910	1	1	1
NEIS2032	1	1	1
NEIS0500	1	1	1
NEIS0436	1	0	0
NEIS0383	1	1	1
NEIS0675	1	1	1
NEIS0479	1	1	1
NEIS2381	1	1	1
NEIS0326	1	1	1
NEIS1844	1	1	1
NEIS0650	1	1	1
NEIS0682	1	1	1
NEIS2149	1	1	1
NEIS0655	1	1	1
NEIS0801	1	1	1
NEIS2708	1	1	1
NEIS2706	1	1	1
NEIS1589	1	1	1
NEIS1383	1	1	1
NEIS0256	1	1	1
NEIS2028	1	1	1
NEIS1966	1	1	1
NEIS1444	1	1	1
NEIS2749	1	1	1
NEIS2129	1	1	1
NEIS1182	1	1	1
NEIS1425	1	1	1
NEIS0901	1	1	1
NEIS1753	1	1	1
NEIS0530	1	1	1
NEIS2789	1	1	1
NEIS1924	1	1	1
NEIS2606	1	1	1
NEIS0501	1	1	1
NEIS1471	1	1	1
NEIS1126	1	1	1
NEIS0302	1	1	1
NEIS1637	1	1	1
NEIS0168	1	1	1
NEIS1932	1	1	1
NEIS2595	1	1	1
NEIS0561	1	1	1
NEIS2883	1	1	1
NEIS2071	1	1	1
NEIS0641	1	1	1
NEIS1113	1	1	1
NEIS2775	1	1	1
NEIS1512	1	1	1
NEIS0185	1	1	1
NEIS1238	1	1	1
NEIS2047	1	1	1
NEIS0897	1	1	1
NEIS0746	1	1	1
NEIS1845	1	1	1
NEIS1964	1	1	1
NEIS0102	1	1	1
NEIS0382	1	1	1
NEIS2454	1	1	1
NEIS1149	1	1	1
NEIS0775	1	1	1
NEIS0139	1	1	1
NEIS0258	1	1	1
NEIS1293	1	1	1
NEIS1010	1	1	1
NEIS0753	1	1	1
NEIS0037	1	1	1
NEIS2699	1	1	1
NEIS1643	1	1	1
NEIS0578	1	1	1
NEIS0245	1	1	1
NEIS0560	1	1	1
NEIS1883	1	1	1
NEIS0356	1	1	1
NEIS1099	1	1	1
NEIS0346	1	1	1
NEIS1214	1	1	1
NEIS1410	1	1	1
NEIS2707	1	1	1
NEIS1221	1	1	1
NEIS1179	1	1	1
NEIS1524	1	1	1
NEIS2623	1	1	1
NEIS0041	1	1	1
NEIS1952	1	1	1
NEIS0742	1	1	1
NEIS1439	1	1	1
NEIS1148	1	1	1
NEIS1764	1	1	1
NEIS0439	1	1	1
NEIS0477	1	1	1
NEIS0410	1	1	1
NEIS1348	1	1	1
NEIS2679	1	1	1
NEIS0271	1	1	1
NEIS0288	1	1	1
NEIS1465	1	1	1
NEIS0135	1	1	1
NEIS2109	1	1	1
NEIS0796	1	1	1
NEIS1178	1	1	1
NEIS1765	1	1	1
NEIS1474	1	1	1
NEIS0839	1	1	1
NEIS2655	1	1	1
NEIS0584	1	1	1
NEIS1479	1	1	1
NEIS1857	1	1	1
NEIS1647	1	1	1
NEIS0072	1	1	1
NEIS2552	1	1	1
NEIS0807	1	1	1
NEIS1481	1	1	1
NEIS0726	1	1	1
NEIS0358	1	1	1
NEIS0928	1	1	1
NEIS1955	1	1	1
NEIS1239	1	1	1
NEIS0619	1	1	1
NEIS2150	1	1	1
NEIS0935	1	1	1
NEIS1289	1	1	1
NEIS1491	1	1	1
NEIS2079	1	1	1
NEIS1587	1	1	1
NEIS1699	1	1	1
NEIS1945	1	1	1
NEIS1676	1	1	1
NEIS1328	1	1	1
NEIS1433	1	1	1
NEIS0545	1	1	1
NEIS0755	1	1	1
NEIS0100	1	1	1
NEIS0468	1	1	1
NEIS2001	1	1	1
NEIS1231	1	1	1
NEIS1870	1	1	1
NEIS0609	1	1	1
NEIS2697	1	1	1
NEIS1624	1	1	1
NEIS1180	1	1	1
NEIS0252	1	1	1
NEIS0515	1	1	1
NEIS2630	1	1	1
NEIS0425	1	1	1
NEIS1905	1	1	1
NEIS1920	1	1	1
NEIS0132	1	1	1
NEIS0216	1	1	1
NEIS1478	1	1	1
NEIS2519	1	1	1
NEIS0902	1	1	1
NEIS0722	1	1	1
NEIS0674	1	1	1
NEIS0686	1	1	1
NEIS1958	1	1	1
NEIS0810	1	1	1
NEIS0140	1	1	1
NEIS0673	1	1	1
NEIS0961	1	1	1
NEIS0014	1	1	1
NEIS0936	1	1	1
NEIS1277	1	1	1
NEIS0270	1	1	1
NEIS0159	1	1	1
NEIS1370	1	1	1
NEIS0767	1	1	1
NEIS2720	1	1	1
NEIS1016	1	1	1
NEIS1143	1	1	1
NEIS1973	1	1	1
NEIS1411	1	1	1
NEIS2684	1	1	1
NEIS1916	1	1	1
NEIS1485	1	1	1
NEIS1738	1	1	1
NEIS0166	1	1	1
NEIS1564	1	1	1
NEIS1511	1	1	1
NEIS1285	1	1	1
NEIS2004	1	1	1
NEIS0714	1	1	1
NEIS2152	1	1	1
NEIS0160	1	1	1
NEIS2488	1	1	1
NEIS2659	1	1	1
NEIS1931	1	1	1
NEIS0542	1	1	1
NEIS0621	1	1	1
NEIS1336	1	1	1
NEIS0607	1	1	1
NEIS0411	1	1	1
NEIS1984	1	1	1
NEIS1570	1	1	1
NEIS0133	1	1	1
NEIS2051	1	1	1
NEIS1291	1	1	1
NEIS1808	1	1	1
NEIS1607	1	1	1
NEIS1078	1	1	1
NEIS0476	1	1	1
NEIS1796	1	1	1
NEIS1754	1	1	1
NEIS2768	1	1	1
NEIS1368	1	1	1
NEIS0534	1	1	1
NEIS0728	1	1	1
NEIS0178	1	1	1
NEIS1552	1	1	1
NEIS0793	1	1	1
NEIS0792	1	1	1
NEIS2658	1	1	1
NEIS1773	1	1	1
NEIS2045	1	1	1
NEIS0635	1	1	1
NEIS0416	1	1	1
NEIS2050	1	1	1
NEIS0507	1	1	1
NEIS0685	1	1	1
NEIS1248	1	1	1
NEIS1929	1	0	0
NEIS0073	1	1	1
NEIS0744	1	1	1
NEIS0986	1	1	1
NEIS0105	1	1	1
NEIS0036	1	1	1
NEIS0148	1	1	1
NEIS1306	1	1	1
NEIS1571	1	1	1
NEIS1116	1	1	1
NEIS2664	1	1	1
NEIS2362	1	0	0
NEIS0481	1	1	1
NEIS0593	1	1	1
NEIS2039	1	1	1
NEIS1721	1	1	1
NEIS2462	1	1	1
NEIS1139	1	1	1
NEIS0550	1	1	1
NEIS1464	1	1	1
NEIS0437	1	1	1
NEIS2747	1	1	1
NEIS1555	1	1	1
NEIS0631	1	1	1
NEIS2767	1	1	1
NEIS0981	1	1	1
NEIS1077	1	1	1
NEIS0533	1	1	1
NEIS1677	1	1	1
NEIS0329	1	1	1
NEIS1918	1	1	1
NEIS1145	1	1	1
NEIS0758	1	1	1
NEIS1976	1	1	1
NEIS1636	1	1	1
NEIS1190	1	1	1
NEIS1334	1	0	0
NEIS0342	1	1	1
NEIS0498	1	1	1
NEIS1103	1	1	1
NEIS2014	1	1	1
NEIS2134	1	1	1
NEIS2446	1	1	1
NEIS1415	1	1	1
NEIS2670	1	1	1
NEIS0920	1	1	1
NEIS1912	1	1	1
NEIS1260	1	1	1
NEIS2367	1	1	1
NEIS1809	1	1	1
NEIS1569	1	1	1
NEIS0151	1	1	1
NEIS2644	1	1	1
NEIS2053	1	1	1
NEIS1610	1	1	1
NEIS1080	1	1	1
NEIS0377	1	1	1
NEIS1036	1	1	1
NEIS0008	1	1	1
NEIS0779	1	1	1
NEIS0289	1	1	1
NEIS1098	1	1	1
NEIS1175	1	1	1
NEIS1176	1	1	1
NEIS2448	1	1	1
NEIS2638	1	1	1
NEIS2683	1	1	1
NEIS1745	1	1	1
NEIS0731	1	1	1
NEIS1011	1	1	1
NEIS0750	1	1	1
NEIS0803	1	1	1
NEIS2392	1	1	1
NEIS2654	1	1	1
NEIS2002	1	1	1
NEIS0471	1	1	1
NEIS2766	1	1	1
NEIS2690	1	1	1
NEIS0149	1	1	1
NEIS0691	1	1	1
NEIS0690	1	1	1
NEIS0239	1	1	1
NEIS2078	1	1	1
NEIS0773	1	1	1
NEIS0478	1	1	1
NEIS1201	1	1	1
NEIS2729	1	1	1
NEIS2458	1	1	1
NEIS1801	1	1	1
NEIS2077	1	1	1
NEIS0941	1	1	1
NEIS0766	1	1	1
NEIS1243	1	1	1
NEIS1021	1	1	1
NEIS1977	1	1	1
NEIS0614	1	1	1
NEIS2522	1	1	1
NEIS1831	1	1	1
NEIS1070	1	1	1
NEIS0652	1	1	1
NEIS0554	1	1	1
NEIS1606	1	1	1
NEIS2030	1	1	1
NEIS2852	1	1	1
NEIS1283	1	1	1
NEIS1188	1	1	1
NEIS0238	1	1	1
NEIS0592	1	1	1
NEIS2136	1	1	1
NEIS1245	1	1	1
NEIS0932	1	1	1
NEIS0406	1	1	1
NEIS1158L	1	1	1
NEIS1947	1	1	1
NEIS2754	1	1	1
NEIS0540	1	1	1
NEIS0399	1	1	1
NEIS1258	1	1	1
NEIS1235	1	1	1
NEIS1443	1	1	1
NEIS0794	1	1	1
NEIS2756	1	1	1
NEIS2755	1	1	1
NEIS1125	1	1	1
NEIS2198	1	1	1
NEIS0834	1	1	1
NEIS0337	1	1	1
NEIS0591	1	1	1
NEIS2631	1	1	1
NEIS1380	1	1	1
NEIS0921	1	1	1
NEIS1629	1	1	1
NEIS1130	1	1	1
NEIS1781	1	1	1
NEIS0795	1	1	1
NEIS2054	1	1	1
NEIS1839	1	1	1
NEIS0523	1	1	1
NEIS0664	1	1	1
NEIS0469	1	1	1
NEIS0147	1	1	1
NEIS1868	1	1	1
NEIS0482	1	1	1
NEIS1650	1	1	1
NEIS2846	1	1	1
NEIS1432	1	1	1
NEIS1487	1	1	1
NEIS0947	1	1	1
NEIS1035	1	1	1
NEIS0569	1	1	1
NEIS0694	1	1	1
NEIS2009	1	1	1
NEIS0240	1	1	1
NEIS2681	1	1	1
NEIS1526	1	1	1
NEIS1750	1	1	1
NEIS2770	1	1	1
NEIS2608	1	1	1
NEIS2725	1	1	1
NEIS0201	1	1	1
NEIS1222	1	1	1
NEIS1320	1	1	1
NEIS0548	1	1	1
NEIS2665	1	1	1
NEIS1115	1	1	1
NEIS0549	1	1	1
NEIS1236	1	0	0
NEIS1379	1	1	1
NEIS0352	1	1	1
NEIS2112	1	1	1
NEIS0829	1	1	1
NEIS1608	1	1	1
NEIS2726	1	1	1
NEIS0039	1	1	1
NEIS0316	1	1	1
NEIS2667	1	1	1
NEIS1255	1	1	1
NEIS2673	1	1	1
NEIS0917	1	1	1
NEIS1934	1	1	1
NEIS1270	1	1	1
NEIS2025	1	1	1
NEIS2612	1	1	1
NEIS2140	1	1	1
NEIS1828	1	1	1
NEIS0657	1	1	1
NEIS1275	1	1	1
NEIS0010	1	1	1
NEIS0963	1	1	1
NEIS0789	1	1	1
NEIS1489	1	1	1
NEIS2365	1	1	1
NEIS1835	1	1	1
NEIS0931	1	1	1
NEIS1705	1	1	1
NEIS1276	1	1	1
NEIS0092	1	1	1
NEIS0504	1	1	1
NEIS0305	1	1	1
NEIS2069	1	1	1
NEIS1563	1	1	1
NEIS1739	1	1	1
NEIS1507	1	1	1
NEIS0995	1	1	1
NEIS1509	1	1	1
NEIS0275	1	1	1
NEIS1770	1	1	1
NEIS1593	1	1	1
NEIS1576	1	1	1
NEIS1909	1	1	1
NEIS0355	1	1	1
NEIS0769	1	1	1
NEIS0341	1	1	1
NEIS0546	1	1	1
NEIS1081	1	1	1
NEIS0505	1	1	1
NEIS2044	1	1	1
NEIS2734	1	1	1
NEIS1218	1	1	1
NEIS0800	1	1	1
NEIS1127	1	1	1
NEIS0145	1	1	1
NEIS0720	1	1	1
NEIS0241	1	1	1
NEIS0656	1	1	1
NEIS2036	1	1	1
NEIS1785	1	1	1
NEIS0181	1	1	1
NEIS1703	1	1	1
NEIS0692	1	1	1
NEIS2609	1	1	1
NEIS1579	1	1	1
NEIS1462	1	1	1
NEIS0412	1	1	1
NEIS0622	1	1	1
NEIS0196	1	1	1
NEIS1423	1	1	1
NEIS2652	1	1	1
NEIS0244	1	1	1
NEIS2074	1	1	1
NEIS0776	1	1	1
NEIS1849	1	1	1
NEIS1601	1	1	1
NEIS1107	1	1	1
NEIS0242	1	1	1
NEIS1460	1	1	1
NEIS0626	1	1	1
NEIS0948	1	1	1
NEIS1890	1	1	1
NEIS0735	1	1	1
NEIS0489	1	1	1
NEIS1899	1	1	1
NEIS0820	1	1	1
NEIS1280	1	1	1
NEIS1747	1	1	1
NEIS1084	1	1	1
NEIS1452	1	1	1
NEIS1456	1	1	1
NEIS2765	1	1	1
NEIS2763	1	1	1
NEIS0637	1	1	1
NEIS1648	1	1	1
NEIS0310	1	1	1
NEIS0784	1	1	1
NEIS1592	1	1	1
NEIS0926	1	1	1
NEIS2116	1	1	1
NEIS2573	1	1	1
NEIS1419	1	1	1
NEIS0007	1	1	1
NEIS0357	1	1	1
NEIS0749	1	1	1
NEIS2589	1	1	1
NEIS0659	1	1	1
NEIS0162	1	1	1
NEIS0821	1	1	1
NEIS1457	1	1	1
NEIS0585	1	1	1
NEIS1146	1	1	1
NEIS1566	1	1	1
NEIS1632	1	1	1
NEIS1362	1	1	1
NEIS0125	1	1	1
NEIS1907	1	1	1
NEIS0517	1	1	1
NEIS0491	1	1	1
NEIS0698	1	1	1
NEIS0669	1	1	1
NEIS2669	1	1	1
NEIS1913	1	1	1
NEIS1284	1	1	1
NEIS0982	1	1	1
NEIS2680	1	1	1
NEIS1071	1	1	1
NEIS0157	1	1	1
NEIS1420	1	1	1
NEIS0173	1	1	1
NEIS0205	1	1	1
NEIS0074	1	1	1
NEIS1502	1	1	1
NEIS0630	1	1	1
NEIS1068	1	1	1
NEIS1382	1	1	1
NEIS1646	1	1	1
NEIS0788	1	1	1
NEIS0418	1	1	1
NEIS0665	1	1	1
NEIS0172	1	1	1
NEIS0255	1	1	1
NEIS0198	1	1	1
NEIS1518	1	1	1
NEIS0429	1	1	1
NEIS2110	1	1	1
NEIS2600	1	1	1
NEIS2139	1	1	1
NEIS1017	1	1	1
NEIS1787	1	1	1
NEIS0513	1	1	1
NEIS1933	1	1	1
NEIS0402	1	1	1
NEIS1233	1	1	1
NEIS1024	1	1	1
NEIS2114	1	1	1
NEIS1026	1	1	1
NEIS2010	1	1	1
NEIS0623	1	1	1
NEIS2593	1	1	1
NEIS1144	1	1	1
NEIS0099	1	1	1
NEIS1813	1	1	1
NEIS1605	1	1	1
NEIS1378	1	1	1
NEIS1386	1	1	1
NEIS0562	1	1	1
NEIS0918	1	1	1
NEIS1396	1	1	1
NEIS2696	1	1	1
NEIS0930	1	1	1
NEIS1135	1	1	1
NEIS0570	1	1	1
